Store,Hours
/store-directory/1st-prize-trading/,"Monday: 10:30am - 9:30pm
Tuesday: 10:30am - 9:30pm
Wednesday: 10:30am - 9:30pm
Thursday: 10:30am - 9:30pm
Friday: 10:30am - 9:30pm
Saturday: 10:30am - 9:30pm
Sunday: 10:30am - 9:30pm
"
/store-directory/50-years-taste-of-tradition/,"Monday: 7am - 10pm
Tuesday: 7am - 10pm
Wednesday: 7am - 10pm
Thursday: 7am - 10pm
Friday: 7am - 10pm
Saturday: 7am - 10pm
Sunday: 7am - 10pm
"
/store-directory/6-elements-hair-spa/,"Monday: 11am - 9pm
Tuesday: 11am - 9pm
Wednesday: 11am - 9pm
Thursday: 11am - 9pm
Friday: 11am - 9pm
Saturday: 10:30am - 7:30pm
Sunday: 10:30am - 6:30pm
"
/store-directory/7-eleven/,"Monday: 9am - 10pm
Tuesday: 9am - 10pm
Wednesday: 9am - 10pm
Thursday: 9am - 10pm
Friday: 9am - 10pm
Saturday: 9am - 10pm
Sunday: 9am - 10pm
"
/store-directory/8-Medical-Aesthetic-Clinic/,"Monday: 11:30am - 8:30pm
Tuesday: 11:30am - 8:30pm
Wednesday: 11:30am - 8:30pm
Thursday: 11:30am - 8:30pm
Friday: 11:30am - 8:30pm
Saturday: 10am - 7pm
Sunday: Closed
"
/store-directory/adore-cosmetics/,"Monday: 10am - 10pm
Tuesday: 10am - 10pm
Wednesday: 10am - 10pm
Thursday: 10am - 10pm
Friday: 10am - 10pm
Saturday: 10am - 10pm
Sunday: 10am - 10pm
"
/store-directory/aibi-health-and-sports-centre/,"Monday: 11am - 9:30pm
Tuesday: 11am - 9:30pm
Wednesday: 11am - 9:30pm
Thursday: 11am - 9:30pm
Friday: 11am - 9:30pm
Saturday: 11am - 9:30pm
Sunday: 11am - 9:30pm
"
/store-directory/align-braces-clinic/,"Monday: 10:30am - 7:30pm
Tuesday: 10:30am - 7:30pm
Wednesday: 10:30am - 7:30pm
Thursday: Closed
Friday: 10:30am - 7:30pm
Saturday: 10am - 5:30pm
Sunday: Closed
"
/store-directory/asics/,"Monday: 11am - 9pm
Tuesday: 11am - 9pm
Wednesday: 11am - 9pm
Thursday: 11am - 9pm
Friday: 11am - 9:30pm
Saturday: 11am - 9:30pm
Sunday: 11am - 9:30pm
"
/store-directory/aslowe/,"Monday: 11:30am - 8:30pm
Tuesday: 11:30am - 8:30pm
Wednesday: 11:30am - 8:30pm
Thursday: 11:30am - 8:30pm
Friday: 11:30am - 8:30pm
Saturday: 11:30am - 8:30pm
Sunday: 11:30am - 8:30pm
"
/store-directory/aspire-hub-education/,"Monday: 1pm - 10pm
Tuesday: 1pm - 10pm
Wednesday: 1pm - 10pm
Thursday: 1pm - 10pm
Friday: 1pm - 10pm
Saturday: 10am - 7pm
Sunday: 10am - 7pm
"
/store-directory/asterspring/,"Monday: 10:15am - 8pm
Tuesday: 10:15am - 8pm
Wednesday: 10:15am - 8pm
Thursday: 10:15am - 8pm
Friday: 10:15am - 8pm
Saturday: 10:15am - 8pm
Sunday: 10:15am - 8pm
"
/store-directory/auntie-annes/,"Monday: 11am - 9pm
Tuesday: 11am - 9pm
Wednesday: 11am - 9pm
Thursday: 11am - 9pm
Friday: 11am - 9pm
Saturday: 11am - 9pm
Sunday: 11am - 9pm
"
/store-directory/b-for-bagel/,"Monday: 10am - 9pm
Tuesday: 10am - 9pm
Wednesday: 10am - 9pm
Thursday: 10am - 9pm
Friday: 10am - 9pm
Saturday: 10am - 9pm
Sunday: 10am - 9pm
"
/store-directory/barani/,"Monday: 10:30am - 9pm
Tuesday: 10:30am - 9pm
Wednesday: 10:30am - 9pm
Thursday: 10:30am - 9pm
Friday: 10:30am - 9:30pm
Saturday: 10:30am - 9:30pm
Sunday: 10:30am - 9:30pm
"
/store-directory/bata/,"Monday: 10:30am - 9:30pm
Tuesday: 10:30am - 9:30pm
Wednesday: 10:30am - 9:30pm
Thursday: 10:30am - 9:30pm
Friday: 10:30am - 9:30pm
Saturday: 10am - 10pm
Sunday: 10am - 10pm
"
/store-directory/beard-papas/,"Monday: 10am - 10pm
Tuesday: 10am - 10pm
Wednesday: 10am - 10pm
Thursday: 10am - 10pm
Friday: 10am - 10pm
Saturday: 10am - 10pm
Sunday: 10am - 10pm
"
/store-directory/bedbath-n-table/,"Monday: 10am - 10pm
Tuesday: 10am - 10pm
Wednesday: 10am - 10pm
Thursday: 10am - 10pm
Friday: 10am - 10pm
Saturday: 10am - 10pm
Sunday: 10am - 10pm
"
/store-directory/bee-cheng-hiang/,"Monday: 10am - 10pm
Tuesday: 10am - 10pm
Wednesday: 10am - 10pm
Thursday: 10am - 10pm
Friday: 10am - 10pm
Saturday: 10am - 10pm
Sunday: 10am - 10pm
"
/store-directory/bengawan-solo/,"Monday: 10:30am - 9:30pm
Tuesday: 10:30am - 9:30pm
Wednesday: 10:30am - 9:30pm
Thursday: 10:30am - 9:30pm
Friday: 10:30am - 9:30pm
Saturday: 10:30am - 9:30pm
Sunday: 10:30am - 9:30pm
"
/store-directory/benjamin-barker/,"Monday: 11am - 9pm
Tuesday: 11am - 9pm
Wednesday: 11am - 9pm
Thursday: 11am - 9pm
Friday: 11am - 10pm
Saturday: 11am - 10pm
Sunday: 11am - 9pm
"
/store-directory/best-denki/,"Monday: 11am - 9pm
Tuesday: 11am - 9pm
Wednesday: 11am - 9pm
Thursday: 11am - 9pm
Friday: 11am - 9pm
Saturday: 10:30am - 9:30pm
Sunday: 10:30am - 9:30pm
"
/store-directory/bmf-clinic/,"Monday: 11am - 8pm
Tuesday: 11am - 8pm
Wednesday: 11am - 8pm
Thursday: 11am - 8pm
Friday: 11am - 8pm
Saturday: 11am - 5pm
Sunday: Closed
"
/store-directory/bmf-the-aesthetics-people/,"Monday: 11am - 8pm
Tuesday: 11am - 8pm
Wednesday: 11am - 8pm
Thursday: 11am - 8pm
Friday: 11am - 8pm
Saturday: 11am - 5pm
Sunday: 11am - 5pm
"
/store-directory/boost-juice/,"Monday: 10am - 10pm
Tuesday: 10am - 10pm
Wednesday: 10am - 10pm
Thursday: 10am - 10pm
Friday: 10am - 10pm
Saturday: 10am - 10pm
Sunday: 10am - 10pm
"
/store-directory/bose/,"Monday: 10am - 9pm
Tuesday: 10am - 9pm
Wednesday: 10am - 9pm
Thursday: 10am - 9pm
Friday: 10am - 9pm
Saturday: 10am - 9pm
Sunday: 10am - 9pm
"
/store-directory/bottles-and-bottles/,"Monday: 11am - 9:30pm
Tuesday: 11am - 9:30pm
Wednesday: 11am - 9:30pm
Thursday: 11am - 9:30pm
Friday: 11am - 9:30pm
Saturday: 10am - 9:30pm
Sunday: 10am - 9:30pm
"
/store-directory/bountifuliving/,"Monday: 11am - 9pm
Tuesday: 11am - 9pm
Wednesday: 11am - 9pm
Thursday: 11am - 9pm
Friday: 11am - 9pm
Saturday: 11am - 9:30pm
Sunday: 11am - 9pm
"
/store-directory/braun-buffel/,"Monday: 10:30am - 10pm
Tuesday: 10:30am - 10pm
Wednesday: 10:30am - 10pm
Thursday: 10:30am - 10pm
Friday: 10:30am - 10pm
Saturday: 10:30am - 10pm
Sunday: 10:30am - 10pm
"
/store-directory/breadtalk/,"Monday: 9am - 10pm
Tuesday: 9am - 10pm
Wednesday: 9am - 10pm
Thursday: 9am - 10pm
Friday: 9am - 10pm
Saturday: 9am - 9:30pm
Sunday: 9am - 9:30pm
"
/store-directory/browhaus/,"Monday: 10am - 9pm
Tuesday: 10am - 9pm
Wednesday: 10am - 9pm
Thursday: 10am - 9pm
Friday: 10am - 9pm
Saturday: 10am - 9pm
Sunday: 10am - 9pm
"
/store-directory/burger-king/,"Monday: 8am - 10pm
Tuesday: 8am - 10pm
Wednesday: 8am - 10pm
Thursday: 8am - 10pm
Friday: 8am - 10pm
Saturday: 8am - 10pm
Sunday: 8am - 10pm
"
/store-directory/canton-paradise/,"Monday: 11am - 10pm
Tuesday: 11am - 10pm
Wednesday: 11am - 10pm
Thursday: 11am - 10pm
Friday: 11am - 10pm
Saturday: 10:30am - 10pm
Sunday: 10:30am - 10pm
"
/store-directory/cars-international/,"Monday: 10am - 10pm
Tuesday: 10am - 10pm
Wednesday: 10am - 10pm
Thursday: 10am - 10pm
Friday: 10am - 10pm
Saturday: 10am - 10pm
Sunday: 10am - 10pm
"
/store-directory/cedele/,"Monday: 9am - 8:30pm
Tuesday: 9am - 8:30pm
Wednesday: 9am - 8:30pm
Thursday: 9am - 8:30pm
Friday: 9am - 8:30pm
Saturday: 9am - 8:30pm
Sunday: 9am - 8:30pm
"
/store-directory/cfoot/,"Monday: 10:30am - 9pm
Tuesday: 10:30am - 9pm
Wednesday: 10:30am - 9pm
Thursday: 10:30am - 9pm
Friday: 10:30am - 9pm
Saturday: 10:30am - 9pm
Sunday: 10:30am - 9pm
"
/store-directory/chalk-farm/,"Monday: 11am - 8pm
Tuesday: 11am - 8pm
Wednesday: 11am - 8pm
Thursday: 11am - 8pm
Friday: 11am - 8pm
Saturday: 11am - 8pm
Sunday: 11am - 8pm
"
/store-directory/challenger/,"Monday: 11am - 9:30pm
Tuesday: 11am - 9:30pm
Wednesday: 11am - 9:30pm
Thursday: 11am - 9:30pm
Friday: 11am - 9:30pm
Saturday: 11am - 9:30pm
Sunday: 11am - 9:30pm
"
/store-directory/chanel/,"Monday: 10am - 10pm
Tuesday: 10am - 10pm
Wednesday: 10am - 10pm
Thursday: 10am - 10pm
Friday: 10am - 10pm
Saturday: 10am - 10pm
Sunday: 10am - 10pm
"
/store-directory/chateraise/,"Monday: 10:30am - 9:30pm
Tuesday: 10:30am - 9:30pm
Wednesday: 10:30am - 9:30pm
Thursday: 10:30am - 9:30pm
Friday: 10:30am - 9:30pm
Saturday: 10:30am - 9:30pm
Sunday: 10:30am - 9:30pm
"
/store-directory/chomel/,"Monday: 10:30am - 9pm
Tuesday: 10:30am - 9pm
Wednesday: 10:30am - 9pm
Thursday: 10:30am - 9pm
Friday: 10:30am - 9:30pm
Saturday: 10:30am - 9:30pm
Sunday: 10:30am - 9pm
"
/store-directory/clarins/,"Monday: 10am - 10pm
Tuesday: 10am - 10pm
Wednesday: 10am - 10pm
Thursday: 10am - 10pm
Friday: 10am - 10pm
Saturday: 10am - 10pm
Sunday: 10am - 10pm
"
/store-directory/clarks/,"Monday: 10:30am - 9:30pm
Tuesday: 10:30am - 9:30pm
Wednesday: 10:30am - 9:30pm
Thursday: 10:30am - 9:30pm
Friday: 10:30am - 9:30pm
Saturday: 10:30am - 9:30pm
Sunday: 10:30am - 9:30pm
"
/store-directory/clippers-barber/,"Monday: 10:30am - 9:30pm
Tuesday: 10:30am - 9:30pm
Wednesday: 10:30am - 9:30pm
Thursday: 10:30am - 9:30pm
Friday: 10:30am - 9:30pm
Saturday: 10am - 9pm
Sunday: 10am - 9pm
"
/store-directory/cotton-on/,"Monday: 10am - 10pm
Tuesday: 10am - 10pm
Wednesday: 10am - 10pm
Thursday: 10am - 10pm
Friday: 10am - 10pm
Saturday: 10am - 10pm
Sunday: 10am - 10pm
"
/store-directory/cotton-on-kids/,"Monday: 10am - 10pm
Tuesday: 10am - 10pm
Wednesday: 10am - 10pm
Thursday: 10am - 10pm
Friday: 10am - 10pm
Saturday: 10am - 10pm
Sunday: 10am - 10pm
"
/store-directory/crocs/,"Monday: 11am - 10pm
Tuesday: 11am - 10pm
Wednesday: 11am - 10pm
Thursday: 11am - 10pm
Friday: 10am - 10pm
Saturday: 10am - 10pm
Sunday: 10am - 10pm
"
/store-directory/cs-fresh/,"Monday: 8am - 10:30pm
Tuesday: 8am - 10:30pm
Wednesday: 8am - 10:30pm
Thursday: 8am - 10:30pm
Friday: 8am - 10:30pm
Saturday: 8am - 10:30pm
Sunday: 8am - 10:30pm
"
/store-directory/dabao-medical-hall/,"Monday: 11am - 8:30pm
Tuesday: 11am - 8:30pm
Wednesday: 11am - 8:30pm
Thursday: 11am - 8:30pm
Friday: 11am - 8:30pm
Saturday: 11am - 8:30pm
Sunday: 11am - 8:30pm
"
/store-directory/dah-kai-medical-and-dept-store/,"Monday: 11am - 8pm
Tuesday: 11am - 8pm
Wednesday: 11am - 8pm
Thursday: 11am - 8pm
Friday: 11am - 8pm
Saturday: 11am - 8pm
Sunday: 11am - 8pm
"
/store-directory/daiso/,"Monday: 10am - 10pm
Tuesday: 10am - 10pm
Wednesday: 10am - 10pm
Thursday: 10am - 10pm
Friday: 10am - 10pm
Saturday: 10am - 10pm
Sunday: 10am - 10pm
"
/store-directory/dal.komm-coffee-coffee-bar,"Monday: 10am - 10pm
Tuesday: 10am - 10pm
Wednesday: 10am - 10pm
Thursday: 10am - 10pm
Friday: 10am - 10pm
Saturday: 10am - 10pm
Sunday: 10am - 10pm
"
/store-directory/dbs/,"Monday: 10am - 6pm
Tuesday: 10am - 6pm
Wednesday: 10am - 6pm
Thursday: 10am - 6pm
Friday: 10am - 6pm
Saturday: 10am - 2:30pm
Sunday: Closed
"
/store-directory/dental-icon/,"Monday: 10am - 7pm
Tuesday: 10am - 7pm
Wednesday: Closed
Thursday: 10am - 7pm
Friday: 10am - 7pm
Saturday: 10am - 7pm
Sunday: Closed
"
/store-directory/dian-xiao-er/,"Monday: 11am - 9:30pm
Tuesday: 11am - 9:30pm
Wednesday: 11am - 9:30pm
Thursday: 11am - 9:30pm
Friday: 11am - 10pm
Saturday: 11am - 10pm
Sunday: 11am - 10pm
"
/store-directory/din-tai-fung/,"Monday: 11am - 9:30pm
Tuesday: 11am - 9:30pm
Wednesday: 11am - 9:30pm
Thursday: 11am - 9:30pm
Friday: 11:30am - 10pm
Saturday: 11:30am - 10pm
Sunday: 11am - 9:30pm
"
/store-directory/dunlopillo/,"Monday: 11:30am - 8:30pm
Tuesday: 11:30am - 8:30pm
Wednesday: 11:30am - 8:30pm
Thursday: 11:30am - 8:30pm
Friday: 11:30am - 8:30pm
Saturday: 11:30am - 8:30pm
Sunday: 11:30am - 8:30pm
"
/store-directory/Dyson/,"Monday: 10am - 10pm
Tuesday: 10am - 10pm
Wednesday: 10am - 10pm
Thursday: 10am - 10pm
Friday: 10am - 10pm
Saturday: 10am - 10pm
Sunday: 10am - 10pm
"
/store-directory/eco-ring/,"Monday: 10am - 7pm
Tuesday: 10am - 7pm
Wednesday: Closed
Thursday: 10pm - 7pm
Friday: 10am - 7pm
Saturday: 10am - 7pm
Sunday: 10am - 7pm
"
/store-directory/elm-tree/,"Monday: 11am - 9pm
Tuesday: 11am - 9pm
Wednesday: 11am - 9pm
Thursday: 11am - 9pm
Friday: 11am - 9pm
Saturday: 10:30am - 8:30pm
Sunday: 10:30am - 8:30pm
"
/store-directory/emperor-optics/,"Monday: 11am - 9pm
Tuesday: 11am - 9pm
Wednesday: 11am - 9pm
Thursday: 11am - 9pm
Friday: 11am - 9pm
Saturday: 11am - 9pm
Sunday: 11am - 9pm
"
/store-directory/epitex/,"Monday: 11am - 10pm
Tuesday: 11am - 10pm
Wednesday: 11am - 10pm
Thursday: 11am - 10pm
Friday: 11am - 10pm
Saturday: 11am - 10pm
Sunday: 11am - 10pm
"
/store-directory/eu-yan-sang/,"Monday: 10am - 10pm
Tuesday: 10am - 10pm
Wednesday: 10am - 10pm
Thursday: 10am - 10pm
Friday: 10am - 10pm
Saturday: 10am - 10pm
Sunday: 10am - 10pm
"
/store-directory/evergreen-stationery/,"Monday: 10:30am - 9pm
Tuesday: 10:30am - 9pm
Wednesday: 10:30am - 9pm
Thursday: 10:30am - 9pm
Friday: 10:30am - 9pm
Saturday: 10:30am - 9pm
Sunday: 10:30am - 9pm
"
/store-directory/fairprice-xtra/,"Monday: 8am - 11pm
Tuesday: 8am - 11pm
Wednesday: 8am - 11pm
Thursday: 8am - 11pm
Friday: 8am - 11pm
Saturday: 8am - 11pm
Sunday: 8am - 11pm
"
/store-directory/famous-amos/,"Monday: 11am - 9:30pm
Tuesday: 11am - 9:30pm
Wednesday: 11am - 9:30pm
Thursday: 11am - 9:30pm
Friday: 11am - 9:30pm
Saturday: 11am - 9:30pm
Sunday: 11am - 9:30pm
"
/store-directory/fish-mart-sakuraya/,"Monday: 10:30am - 10pm
Tuesday: 10:30am - 10pm
Wednesday: 10:30am - 10pm
Thursday: 10:30am - 10pm
Friday: 10:30am - 10pm
Saturday: 10:30am - 10pm
Sunday: 10:30am - 10pm
"
/store-directory/food-republic/,"Monday: 10am - 10pm
Tuesday: 10am - 10pm
Wednesday: 10am - 10pm
Thursday: 10am - 10pm
Friday: 10am - 10pm
Saturday: 10am - 10pm
Sunday: 10am - 10pm
"
/store-directory/fortune-wigs/,"Monday: 11am - 9pm
Tuesday: 11am - 9pm
Wednesday: 11am - 9pm
Thursday: 11am - 9pm
Friday: 11am - 9pm
Saturday: 11am - 9pm
Sunday: 11am - 9pm
"
/store-directory/four-leaves/,"Monday: 9am - 9pm
Tuesday: 9am - 9pm
Wednesday: 9am - 9pm
Thursday: 9am - 9pm
Friday: 9am - 9pm
Saturday: 9am - 9pm
Sunday: 9am - 9pm
"
/store-directory/fun-toast/,"Monday: 8am - 8:30pm
Tuesday: 8am - 8:30pm
Wednesday: 8am - 8:30pm
Thursday: 8am - 8:30pm
Friday: 8am - 8:30pm
Saturday: 8am - 8:30pm
Sunday: 8am - 8:30pm
"
/store-directory/g2000/,"Monday: 10am - 9pm
Tuesday: 10am - 9pm
Wednesday: 10am - 9pm
Thursday: 10am - 9pm
Friday: 10:30am - 9:30pm
Saturday: 10:30am - 9:30pm
Sunday: 10am - 9pm
"
/store-directory/gadget-solution/,"Monday: 11:30am - 9pm
Tuesday: 11:30am - 9pm
Wednesday: 11:30am - 9pm
Thursday: 11:30am - 9pm
Friday: 11:30am - 9pm
Saturday: 11:30am - 9pm
Sunday: 11:30am - 9pm
"
/store-directory/gadget-top/,"Monday: 11am - 9pm
Tuesday: 11am - 9pm
Wednesday: 11am - 9pm
Thursday: 11am - 9pm
Friday: 11am - 9:30pm
Saturday: 11am - 9:30pm
Sunday: 11am - 9:30pm
"
/store-directory/gg5/,"Monday: 10:30am - 9:30pm
Tuesday: 10:30am - 9:30pm
Wednesday: 10:30am - 9:30pm
Thursday: 10:30am - 9:30pm
Friday: 10:30am - 9:30pm
Saturday: 10:30am - 9:30pm
Sunday: 10:30am - 9:30pm
"
/store-directory/godmama-peranakan/,"Monday: 10am - 10pm
Tuesday: 10am - 10pm
Wednesday: 10am - 10pm
Thursday: 10am - 10pm
Friday: 10am - 10pm
Saturday: 10am - 10pm
Sunday: 10am - 10pm
"
/store-directory/goldheart/,"Monday: 11am - 9:30pm
Tuesday: 11am - 9:30pm
Wednesday: 11am - 9:30pm
Thursday: 11am - 9:30pm
Friday: 11am - 9:30pm
Saturday: 11am - 9:30pm
Sunday: 11am - 9:30pm
"
/store-directory/guardian-health-and-beauty/,"Monday: 10am - 10pm
Tuesday: 10am - 10pm
Wednesday: 10am - 10pm
Thursday: 10am - 10pm
Friday: 10am - 10pm
Saturday: 10am - 10pm
Sunday: 10am - 10pm
"
/store-directory/harvey-norman/,"Monday: 11am - 9:30pm
Tuesday: 11am - 9:30pm
Wednesday: 11am - 9:30pm
Thursday: 11am - 9:30pm
Friday: 11am - 9:30pm
Saturday: 11am - 9:30pm
Sunday: 11am - 9:30pm
"
/store-directory/harvey-norman2/,"Monday: 11am - 9:30pm
Tuesday: 11am - 9:30pm
Wednesday: 11am - 9:30pm
Thursday: 11am - 9:30pm
Friday: 11am - 9:30pm
Saturday: 11am - 9:30pm
Sunday: 11am - 9:30pm
"
/store-directory/hearing-partners/,"Monday: 2pm - 6pm
Tuesday: 10am - 6pm
Wednesday: 10am - 6pm
Thursday: 10am - 6pm
Friday: 10am - 6pm
Saturday: 10am - 6pm
Sunday: Closed
"
/store-directory/heart-to-heart-jewellery/,"Monday: 11am - 8pm
Tuesday: 11am - 8pm
Wednesday: 11am - 8pm
Thursday: 11am - 8pm
Friday: 11am - 8pm
Saturday: 11am - 8pm
Sunday: 11am - 8pm
"
/store-directory/helen/,"Monday: 10:30am - 9:30pm
Tuesday: 10:30am - 9:30pm
Wednesday: 10:30am - 9:30pm
Thursday: 10:30am - 9:30pm
Friday: 10:30am - 9:30pm
Saturday: 10:30am - 9:30pm
Sunday: 10:30am - 9:30pm
"
/store-directory/hokkaido-baked-cheese-tart/,"Monday: 10am - 10pm
Tuesday: 10am - 10pm
Wednesday: 10am - 10pm
Thursday: 10am - 10pm
Friday: 10am - 10pm
Saturday: 10am - 10pm
Sunday: 10am - 10pm
"
/store-directory/holland-and-barrett/,"Monday: 11am - 9:30pm
Tuesday: 11am - 9:30pm
Wednesday: 11am - 9:30pm
Thursday: 11am - 9:30pm
Friday: 11am - 9:30pm
Saturday: 10am - 10pm
Sunday: 10am - 10pm
"
/store-directory/home-and-giving/,"Monday: 11am - 9:30pm
Tuesday: 11am - 9:30pm
Wednesday: 11am - 9:30pm
Thursday: 11am - 9:30pm
Friday: 11am - 9:30pm
Saturday: 11am - 9:30pm
Sunday: 11am - 9:30pm
"
/store-directory/honeyworld/,"Monday: 10am - 9:30pm
Tuesday: 10am - 9:30pm
Wednesday: 10am - 9:30pm
Thursday: 10am - 9:30pm
Friday: 10am - 9:30pm
Saturday: 10am - 9:30pm
Sunday: 10am - 9:30pm
"
/store-directory/HOOGA/,"Monday: 11am - 10pm
Tuesday: 11am - 10pm
Wednesday: 11am - 10pm
Thursday: 11am - 10pm
Friday: 11am - 10pm
Saturday: 11am - 10pm
Sunday: 11am - 10pm
"
/store-directory/hsbc/,"Monday: 9:30am - 5pm
Tuesday: 9:30am - 5pm
Wednesday: 9:30am - 5pm
Thursday: 9:30am - 5pm
Friday: 9:30am - 5pm
Saturday: 9:30am - 12pm
Sunday: Closed
"
/store-directory/hysses/,"Monday: 11am - 9:30pm
Tuesday: 11am - 9:30pm
Wednesday: 11am - 9:30pm
Thursday: 11am - 9:30pm
Friday: 11am - 9:30pm
Saturday: 11am - 9:30pm
Sunday: 11am - 9:30pm
"
/store-directory/ichiban-boshi/,"Monday: 11:30am - 10:30pm
Tuesday: 11:30am - 10:30pm
Wednesday: 11:30am - 10:30pm
Thursday: 11:30am - 10:30pm
Friday: 11:30am - 10:30pm
Saturday: 11am - 10:30pm
Sunday: 11am - 10:30pm
"
/store-directory/iclaw-taiwan/,"Monday: 10am - 10pm
Tuesday: 10am - 10pm
Wednesday: 10am - 10pm
Thursday: 10am - 10pm
Friday: 10am - 10pm
Saturday: 10am - 10pm
Sunday: 10am - 10pm
"
/store-directory/income-insurance/,"Monday: 10am - 10pm
Tuesday: 10am - 10pm
Wednesday: 10am - 10pm
Thursday: 10am - 10pm
Friday: 10am - 10pm
Saturday: 10am - 10pm
Sunday: 10am - 10pm
"
/store-directory/indulge-skin--body-lab/,"Monday: 10am - 9pm
Tuesday: 10am - 9pm
Wednesday: 10am - 9pm
Thursday: 10am - 9pm
Friday: 10am - 9pm
Saturday: 10am - 9pm
Sunday: 10am - 9pm
"
/store-directory/istudio/,"Monday: 10:30am - 9:30pm
Tuesday: 10:30am - 9:30pm
Wednesday: 10:30am - 9:30pm
Thursday: 10:30am - 9:30pm
Friday: 10:30am - 9:30pm
Saturday: 10:30am - 9:30pm
Sunday: 10:30am - 9:30pm
"
/store-directory/iuiga/,"Monday: 10am - 10pm
Tuesday: 10am - 10pm
Wednesday: 10am - 10pm
Thursday: 10am - 10pm
Friday: 10am - 10pm
Saturday: 10am - 10pm
Sunday: 10am - 10pm
"
/store-directory/jwardrobe/,"Monday: 11am - 9pm
Tuesday: 11am - 9pm
Wednesday: 11am - 9pm
Thursday: 11am - 9pm
Friday: 11am - 9pm
Saturday: 11am - 9pm
Sunday: 11am - 9pm
"
/store-directory/japan-home/,"Monday: 10am - 10pm
Tuesday: 10am - 10pm
Wednesday: 10am - 10pm
Thursday: 10am - 10pm
Friday: 10am - 10pm
Saturday: 10am - 10pm
Sunday: 10am - 10pm
"
/store-directory/japan-ipl-express/,"Monday: 10:30am - 9pm
Tuesday: 10:30am - 9pm
Wednesday: 10:30am - 9pm
Thursday: 10:30am - 9pm
Friday: 10:30am - 9pm
Saturday: 10:30am - 9pm
Sunday: 10:30am - 9pm
"
/store-directory/jean-yip-beauty/,"Monday: 11am - 9pm
Tuesday: 11am - 9pm
Wednesday: 11am - 9pm
Thursday: 11am - 9pm
Friday: 11am - 9pm
Saturday: 10:30am - 7pm
Sunday: 11am - 7pm
"
/store-directory/jollibean/,"Monday: 7am - 9pm
Tuesday: 7am - 9pm
Wednesday: 7am - 9pm
Thursday: 7am - 9pm
Friday: 7am - 10pm
Saturday: 7am - 10pm
Sunday: 7am - 10pm
"
/store-directory/jolly-eco/,"Monday: 11am - 9pm
Tuesday: 11am - 9pm
Wednesday: 11am - 9pm
Thursday: 11am - 9pm
Friday: 11am - 9pm
Saturday: 11am - 9pm
Sunday: 11am - 9pm
"
/store-directory/jon-louis-paris/,"Monday: 10:30am - 9pm
Tuesday: 10:30am - 9pm
Wednesday: 10:30am - 9pm
Thursday: 10:30am - 9pm
Friday: 10:30am - 9pm
Saturday: 10:30am - 9pm
Sunday: 10:30am - 9pm
"
/store-directory/k-market/,"Monday: 10:30am - 10pm
Tuesday: 10:30am - 10pm
Wednesday: 10:30am - 10pm
Thursday: 10:30am - 10pm
Friday: 10:30am - 10pm
Saturday: 10:30am - 10pm
Sunday: 10:30am - 10pm
"
/store-directory/kawai-music-school2/,"Monday: 11am - 9pm
Tuesday: 11am - 9pm
Wednesday: 11am - 9pm
Thursday: 11am - 9pm
Friday: 11am - 9pm
Saturday: 9am - 8pm
Sunday: 9am - 8pm
"
/store-directory/kawai-music-school/,"Monday: Closed
Tuesday: 11:30am - 9pm
Wednesday: 11:30am - 9pm
Thursday: 11:30am - 9pm
Friday: 11:30am - 9pm
Saturday: 9am - 7pm
Sunday: 9am - 7pm
"
/store-directory/key-power-sports/,"Monday: 11am - 9pm
Tuesday: 11am - 9pm
Wednesday: 11am - 9pm
Thursday: 11am - 9pm
Friday: 11am - 9pm
Saturday: 11am - 9pm
Sunday: 11am - 9pm
"
/store-directory/keyshoe-enterprises/,"Monday: 11am - 9pm
Tuesday: 11am - 9pm
Wednesday: 11am - 9pm
Thursday: 11am - 9pm
Friday: 11am - 9pm
Saturday: 11am - 9pm
Sunday: 11am - 9pm
"
/store-directory/kfc/,"Monday: 8am - 10pm
Tuesday: 8am - 10pm
Wednesday: 8am - 10pm
Thursday: 8am - 10pm
Friday: 8am - 10pm
Saturday: 8am - 10pm
Sunday: 8am - 10pm
"
/store-directory/kiehls/,"Monday: 11am - 10pm
Tuesday: 11am - 10pm
Wednesday: 11am - 10pm
Thursday: 11am - 10pm
Friday: 11am - 10pm
Saturday: 11am - 10pm
Sunday: 11am - 10pm
"
/store-directory/kimage/,"Monday: 11am - 9pm
Tuesday: 11am - 9pm
Wednesday: 11am - 9pm
Thursday: 11am - 9pm
Friday: 11am - 9pm
Saturday: 10am - 8pm
Sunday: 10am - 8pm
"
/store-directory/kiminoya-garment/,"Monday: 11:30am - 8:30pm
Tuesday: 11:30am - 8:30pm
Wednesday: 11:30am - 8:30pm
Thursday: 11:30am - 8:30pm
Friday: 11:30am - 8:30pm
Saturday: 11:30am - 8:30pm
Sunday: 11:30am - 8:30pm
"
/store-directory/KOI-the/,"Monday: 12pm - 10pm
Tuesday: 12pm - 10pm
Wednesday: 12pm - 10pm
Thursday: 12pm - 10pm
Friday: 12pm - 10pm
Saturday: 11am - 10pm
Sunday: 11am - 10pm
"
/store-directory/koong-woh-tong/,"Monday: 10am - 10pm
Tuesday: 10am - 10pm
Wednesday: 10am - 10pm
Thursday: 10am - 10pm
Friday: 10am - 10pm
Saturday: 10am - 10pm
Sunday: 10am - 10pm
"
/store-directory/Kskin/,"Monday: 10:30am - 9:30pm
Tuesday: 10:30am - 9:30pm
Wednesday: 10:30am - 9:30pm
Thursday: 10:30am - 9:30pm
Friday: 10:30am - 9:30pm
Saturday: 10am - 9:30pm
Sunday: 10am - 9:30pm
"
/store-directory/lac-nutrition-for-life/,"Monday: 10am - 9pm
Tuesday: 10am - 9pm
Wednesday: 10am - 9pm
Thursday: 10am - 9pm
Friday: 10am - 9pm
Saturday: 10am - 9pm
Sunday: 10am - 9pm
"
/store-directory/lenskart/,"Monday: 11am - 10pm
Tuesday: 11am - 10pm
Wednesday: 11am - 10pm
Thursday: 11am - 10pm
Friday: 11am - 10pm
Saturday: 11am - 10pm
Sunday: 11am - 10pm
"
/store-directory/LeNu/,"Monday: 11am - 10pm
Tuesday: 11am - 10pm
Wednesday: 11am - 10pm
Thursday: 11am - 10pm
Friday: 11am - 10pm
Saturday: 10:30am - 10pm
Sunday: 10:30am - 10pm
"
/store-directory/levis/,"Monday: 11am - 10pm
Tuesday: 11am - 10pm
Wednesday: 11am - 10pm
Thursday: 11am - 10pm
Friday: 11am - 10pm
Saturday: 11am - 10pm
Sunday: 11am - 10pm
"
/store-directory/lionshield-select/,"Monday: 10:30am - 9:30pm
Tuesday: 10:30am - 9:30pm
Wednesday: 10:30am - 9:30pm
Thursday: 10:30am - 9:30pm
Friday: 10:30am - 9:30pm
Saturday: 10:30am - 9:30pm
Sunday: 10:30am - 9:30pm
"
/store-directory/live-it-up/,"Monday: 10:30am - 9:30pm
Tuesday: 10:30am - 9:30pm
Wednesday: 10:30am - 9:30pm
Thursday: 10:30am - 9:30pm
Friday: 10:30am - 9:30pm
Saturday: 10:30am - 9:30pm
Sunday: 10:30am - 9:30pm
"
/store-directory/lovisa/,"Monday: 10am - 10pm
Tuesday: 10am - 10pm
Wednesday: 10am - 10pm
Thursday: 10am - 10pm
Friday: 10am - 10pm
Saturday: 10am - 10pm
Sunday: 10am - 10pm
"
/store-directory/ma-kuang-tcm/,"Monday: 10am - 9pm
Tuesday: 10am - 9pm
Wednesday: 10am - 9pm
Thursday: 10am - 9pm
Friday: 10am - 9pm
Saturday: 10am - 8pm
Sunday: 10am - 8pm
"
/store-directory/mango/,"Monday: 10am - 9pm
Tuesday: 10am - 9pm
Wednesday: 10am - 9pm
Thursday: 10am - 9pm
Friday: 10am - 10pm
Saturday: 10am - 10pm
Sunday: 10am - 9pm
"
/store-directory/mannequeen/,"Monday: 11am - 9pm
Tuesday: 11am - 9pm
Wednesday: 11am - 9pm
Thursday: 11am - 9pm
Friday: 11am - 9pm
Saturday: 11am - 9pm
Sunday: 11am - 9pm
"
/store-directory/marks-and-spencer/,"Monday: 10am - 10pm
Tuesday: 10am - 10pm
Wednesday: 10am - 10pm
Thursday: 10am - 10pm
Friday: 10am - 10pm
Saturday: 10am - 10pm
Sunday: 10am - 10pm
"
/store-directory/Meilleur-Moment/,"Monday: 10am - 10pm
Tuesday: 10am - 10pm
Wednesday: 10am - 10pm
Thursday: 10am - 10pm
Friday: 10am - 10pm
Saturday: 10am - 10pm
Sunday: 10am - 10pm
"
/store-directory/meyson/,"Monday: 11am - 9:30pm
Tuesday: 11am - 9:30pm
Wednesday: 11am - 9:30pm
Thursday: 11am - 9:30pm
Friday: 11am - 9:30pm
Saturday: 11am - 9:30pm
Sunday: 11am - 9:30pm
"
/store-directory/Multiflora-Noibara/,"Monday: 11am - 9pm
Tuesday: 11am - 9pm
Wednesday: 11am - 9pm
Thursday: 11am - 9pm
Friday: 11am - 9pm
Saturday: 10am - 6pm
Sunday: 10am - 6pm
"
/store-directory/minmed-clinic/,"Monday: 9am - 5pm
Tuesday: 9am - 5pm
Wednesday: 9am - 5pm
Thursday: 9am - 5pm
Friday: 9am - 5pm
Saturday: 9am - 1pm
Sunday: Closed
"
/store-directory/mod.crystals,"Monday: 11am - 10pm
Tuesday: 11am - 10pm
Wednesday: 11am - 10pm
Thursday: 11am - 10pm
Friday: 11am - 10pm
Saturday: 11am - 10pm
Sunday: 11am - 10pm
"
/store-directory/mothercare/,"Monday: 10:30am - 9pm
Tuesday: 10:30am - 9pm
Wednesday: 10:30am - 9pm
Thursday: 10:30am - 9pm
Friday: 10:30am - 9pm
Saturday: 10:30am - 9pm
Sunday: 10:30am - 9pm
"
/store-directory/mr-coconut/,"Monday: 11am - 9:45pm
Tuesday: 11am - 9:45pm
Wednesday: 11am - 9:45pm
Thursday: 11am - 9:45pm
Friday: 11am - 9:45pm
Saturday: 11am - 9:45pm
Sunday: 11am - 9:45pm
"
/store-directory/muji/,"Monday: 10am - 10pm
Tuesday: 10am - 10pm
Wednesday: 10am - 10pm
Thursday: 10am - 10pm
Friday: 10am - 10pm
Saturday: 10am - 10pm
Sunday: 10am - 10pm
"
/store-directory/my-first-skool/,"Monday: 7am - 7pm
Tuesday: 7am - 7pm
Wednesday: 7am - 7pm
Thursday: 7am - 7pm
Friday: 7am - 7pm
Saturday: 7am - 2pm
Sunday: Closed
"
/store-directory/nail-palace/,"Monday: 10am - 9:30pm
Tuesday: 10am - 9:30pm
Wednesday: 10am - 9:30pm
Thursday: 10am - 9:30pm
Friday: 10am - 9:30pm
Saturday: 10am - 9:30pm
Sunday: 10am - 9:30pm
"
/store-directory/nails-fifth-avenue/,"Monday: 11am - 9pm
Tuesday: 11am - 9pm
Wednesday: 11am - 9pm
Thursday: 11am - 9pm
Friday: 11am - 9pm
Saturday: 10am - 7pm
Sunday: 10am - 7pm
"
/store-directory/nanyang-optical/,"Monday: 11am - 9pm
Tuesday: 11am - 9pm
Wednesday: 11am - 9pm
Thursday: 11am - 9pm
Friday: 11am - 9pm
Saturday: 11am - 9pm
Sunday: 11am - 9pm
"
/store-directory/natures-farm/,"Monday: 11am - 9pm
Tuesday: 11am - 9pm
Wednesday: 11am - 9pm
Thursday: 11am - 9pm
Friday: 11am - 9pm
Saturday: 11am - 9pm
Sunday: 11am - 9pm
"
/store-directory/new-balance/,"Monday: 11am - 9pm
Tuesday: 11am - 9pm
Wednesday: 11am - 9pm
Thursday: 11am - 9pm
Friday: 11am - 9pm
Saturday: 11am - 9pm
Sunday: 11am - 9pm
"
/store-directory/nk-hairworks/,"Monday: 11am - 9pm
Tuesday: 11am - 9pm
Wednesday: 11am - 9pm
Thursday: 11am - 9pm
Friday: 11am - 9pm
Saturday: 11am - 9pm
Sunday: 11am - 9pm
"
/store-directory/novita/,"Monday: 10:30am - 9pm
Tuesday: 10:30am - 9pm
Wednesday: 10:30am - 9pm
Thursday: 10:30am - 9pm
Friday: 10:30am - 9pm
Saturday: 10:30am - 9pm
Sunday: 10:30am - 9pm
"
/store-directory/novita2/,"Monday: 11am - 9pm
Tuesday: 11am - 9pm
Wednesday: 11am - 9pm
Thursday: 11am - 9pm
Friday: 11am - 9pm
Saturday: 11am - 9pm
Sunday: 11am - 9pm
"
/store-directory/ntuc-health-denticare/,"Monday: 9am - 7:30pm
Tuesday: 9am - 6pm
Wednesday: 9am - 6pm
Thursday: 9am - 6pm
Friday: 9am - 6pm
Saturday: 9am - 12:30pm
Sunday: Closed
"
/store-directory/ogawa/,"Monday: 10:30am - 9:30pm
Tuesday: 10:30am - 9:30pm
Wednesday: 10:30am - 9:30pm
Thursday: 10:30am - 9:30pm
Friday: 10:30am - 9:30pm
Saturday: 10:30am - 9:30pm
Sunday: 10:30am - 9:30pm
"
/store-directory/ojo-optometrist/,"Monday: 10:30am - 9pm
Tuesday: 10:30am - 9pm
Wednesday: 10:30am - 9pm
Thursday: 10:30am - 9pm
Friday: 10:30am - 9pm
Saturday: 10:30am - 9pm
Sunday: 10:30am - 9pm
"
/store-directory/old-chang-kee/,"Monday: 10am - 9pm
Tuesday: 10am - 9pm
Wednesday: 10am - 9pm
Thursday: 10am - 9pm
Friday: 10am - 9pm
Saturday: 10am - 9pm
Sunday: 10am - 9pm
"
/store-directory/only-luxury-collection/,"Monday: 11am - 9pm
Tuesday: 11am - 9pm
Wednesday: 11am - 9pm
Thursday: 11am - 9pm
Friday: 11am - 9pm
Saturday: 11am - 9pm
Sunday: 11am - 9pm
"
/store-directory/oriental-hair-solutions/,"Monday: 10:30am - 9pm
Tuesday: 10:30am - 9pm
Wednesday: 10:30am - 9pm
Thursday: 10:30am - 9pm
Friday: 10:30am - 9pm
Saturday: 10:30am - 8pm
Sunday: 10:30am - 7pm
"
/store-directory/osim/,"Monday: 11am - 9:30pm
Tuesday: 11am - 9:30pm
Wednesday: 11am - 9:30pm
Thursday: 11am - 9:30pm
Friday: 11am - 9:30pm
Saturday: 10:30am - 10pm
Sunday: 10:30am - 9:30pm
"
/store-directory/osim-l3/,"Monday: 11am - 9:30pm
Tuesday: 11am - 9:30pm
Wednesday: 11am - 9:30pm
Thursday: 11am - 9:30pm
Friday: 11am - 9:30pm
Saturday: 10:30am - 10pm
Sunday: 11am - 9:30pm
"
/store-directory/oto/,"Monday: 10:30am - 9:30pm
Tuesday: 10:30am - 9:30pm
Wednesday: 10:30am - 9:30pm
Thursday: 10:30am - 9:30pm
Friday: 10:30am - 9:30pm
Saturday: 10:30am - 9:30pm
Sunday: 10:30am - 9:30pm
"
/store-directory/owell/,"Monday: 10:30am - 9:30pm
Tuesday: 10:30am - 9:30pm
Wednesday: 10:30am - 9:30pm
Thursday: 10:30am - 9:30pm
Friday: 10:30am - 9:30pm
Saturday: 10:30am - 9:30pm
Sunday: 10:30am - 9:30pm
"
/store-directory/owndays/,"Monday: 11am - 10pm
Tuesday: 11am - 10pm
Wednesday: 11am - 10pm
Thursday: 11am - 10pm
Friday: 11am - 10pm
Saturday: 11am - 10pm
Sunday: 11am - 10pm
"
/store-directory/papparich/,"Monday: 11am - 9:30pm
Tuesday: 11am - 9:30pm
Wednesday: 11am - 9:30pm
Thursday: 11am - 9:30pm
Friday: 11am - 9:30pm
Saturday: 10am - 9:30pm
Sunday: 10am - 9:30pm
"
/store-directory/paradise-classic/,"Monday: 11am - 10pm
Tuesday: 11am - 10pm
Wednesday: 11am - 10pm
Thursday: 11am - 10pm
Friday: 11am - 10pm
Saturday: 10:30am - 10pm
Sunday: 10:30am - 10pm
"
/store-directory/paris-baguette/,"Monday: 8am - 10pm
Tuesday: 8am - 10pm
Wednesday: 8am - 10pm
Thursday: 8am - 10pm
Friday: 8am - 10pm
Saturday: 8am - 10pm
Sunday: 8am - 10pm
"
/store-directory/paris-miki/,"Monday: 11am - 9pm
Tuesday: 11am - 9pm
Wednesday: 11am - 9pm
Thursday: 11am - 9pm
Friday: 11am - 9pm
Saturday: 11am - 9pm
Sunday: 11am - 9pm
"
/store-directory/pats-oven/,"Monday: 10am - 9:30pm
Tuesday: 10am - 9:30pm
Wednesday: 10am - 9:30pm
Thursday: 10am - 9:30pm
Friday: 10am - 9:30pm
Saturday: 10am - 9:30pm
Sunday: 10am - 9:30pm
"
/store-directory/pavilion-optics/,"Monday: 11am - 9pm
Tuesday: 11am - 9pm
Wednesday: 11am - 9pm
Thursday: 11am - 9pm
Friday: 11am - 9pm
Saturday: 11am - 9pm
Sunday: 11am - 9pm
"
/store-directory/peaches-and-herbs/,"Monday: 11am - 9:30pm
Tuesday: 11am - 9:30pm
Wednesday: 11am - 9:30pm
Thursday: 11am - 9:30pm
Friday: 11am - 9:30pm
Saturday: 11am - 9:30pm
Sunday: 11am - 9:30pm
"
/store-directory/pearly-u/,"Monday: 10:30am - 9pm
Tuesday: 10:30am - 9pm
Wednesday: 10:30am - 9pm
Thursday: 10:30am - 9pm
Friday: 10:30am - 9pm
Saturday: 10:30am - 9pm
Sunday: 10:30am - 9pm
"
/store-directory/pepper-lunch/,"Monday: 10am - 10pm
Tuesday: 10am - 10pm
Wednesday: 10am - 10pm
Thursday: 10am - 10pm
Friday: 10am - 10pm
Saturday: 10am - 10pm
Sunday: 10am - 10pm
"
/store-directory/pet-lovers-centre/,"Monday: 11am - 9:30pm
Tuesday: 11am - 9:30pm
Wednesday: 11am - 9:30pm
Thursday: 11am - 9:30pm
Friday: 11am - 9:30pm
Saturday: 11am - 9:30pm
Sunday: 11am - 9:30pm
"
/store-directory/pierre-cardin/,"Monday: 11:30am - 8pm
Tuesday: 11:30am - 8pm
Wednesday: 11:30am - 8pm
Thursday: 11:30am - 8pm
Friday: 11:30am - 8:30pm
Saturday: 11:30am - 8:30pm
Sunday: 11:30am - 8:30pm
"
/store-directory/pixie-nail-spa/,"Monday: 11am - 9pm
Tuesday: 11am - 9pm
Wednesday: 11am - 9pm
Thursday: 11am - 9pm
Friday: 11am - 9pm
Saturday: 10am - 9pm
Sunday: 10am - 9pm
"
/store-directory/poh-heng-jewellery/,"Monday: 11am - 9pm
Tuesday: 11am - 9pm
Wednesday: 11am - 9pm
Thursday: 11am - 9pm
Friday: 11am - 9:30pm
Saturday: 11am - 9:30pm
Sunday: 11am - 9pm
"
/store-directory/precious-medical-centre/,"Monday: 10am - 5pm
Tuesday: 10am - 8pm
Wednesday: 10am - 8pm
Thursday: 10am - 8pm
Friday: 10am - 8pm
Saturday: 10am - 5pm
Sunday: 10am - 5pm
"
/store-directory/presto-drycleaners/,"Monday: 10am - 9pm
Tuesday: 10am - 9pm
Wednesday: 10am - 9pm
Thursday: 10am - 9pm
Friday: 10am - 9pm
Saturday: 10am - 9pm
Sunday: 10am - 9pm
"
/store-directory/pretticure/,"Monday: 10:30am - 9pm
Tuesday: 10:30am - 9pm
Wednesday: 10:30am - 9pm
Thursday: 10:30am - 9pm
Friday: 10:30am - 9pm
Saturday: 10am - 8pm
Sunday: 10am - 8pm
"
/store-directory/pricebreaker/,"Monday: 11am - 9pm
Tuesday: 11am - 9pm
Wednesday: 11am - 9pm
Thursday: 11am - 9pm
Friday: 11am - 9pm
Saturday: 11am - 9pm
Sunday: 11am - 9pm
"
/store-directory/princess-jewellery/,"Monday: 11am - 8:30pm
Tuesday: 11am - 8:30pm
Wednesday: 11am - 8:30pm
Thursday: 11am - 8:30pm
Friday: 11am - 8:30pm
Saturday: 11am - 8:30pm
Sunday: 11am - 8:30pm
"
/store-directory/qb-house/,"Monday: 10:30am - 9:30pm
Tuesday: 10:30am - 9:30pm
Wednesday: 10:30am - 9:30pm
Thursday: 10:30am - 9:30pm
Friday: 10:30am - 9:30pm
Saturday: 10am - 9:30pm
Sunday: 10am - 9:30pm
"
/store-directory/rb-tea/,"Monday: 10am - 9pm
Tuesday: 10am - 9pm
Wednesday: 10am - 9pm
Thursday: 10am - 9pm
Friday: 10am - 9pm
Saturday: 10am - 9pm
Sunday: 10am - 9pm
"
/store-directory/RedMan-by-Phoon-Huat/,"Monday: 10am - 10pm
Tuesday: 10am - 10pm
Wednesday: 10am - 10pm
Thursday: 10am - 10pm
Friday: 10am - 10pm
Saturday: 10am - 10pm
Sunday: 10am - 10pm
"
/store-directory/rhb-bank/,"Monday: 10am - 5pm
Tuesday: 10am - 5pm
Wednesday: 10am - 5pm
Thursday: 10am - 5pm
Friday: 10am - 5pm
Saturday: 10am - 2pm
Sunday: Closed
"
/store-directory/rive-gauche-patisserie/,"Monday: 10:30am - 9:30pm
Tuesday: 10:30am - 9:30pm
Wednesday: 10:30am - 9:30pm
Thursday: 10:30am - 9:30pm
Friday: 10:30am - 9:30pm
Saturday: 10:30am - 9:30pm
Sunday: 10:30am - 9:30pm
"
/store-directory/robert-piano/,"Monday: 11am - 9pm
Tuesday: 11am - 9pm
Wednesday: 11am - 9pm
Thursday: 11am - 9pm
Friday: 11am - 9pm
Saturday: 9am - 8pm
Sunday: 9am - 8pm
"
/store-directory/rose-of-sharon/,"Monday: 11am - 9pm
Tuesday: 11am - 9pm
Wednesday: 11am - 9pm
Thursday: 11am - 9pm
Friday: 11am - 9pm
Saturday: 11am - 9pm
Sunday: 11am - 9pm
"
/store-directory/rouge-by-barracks/,"Monday: 11am - 8:30pm
Tuesday: 11am - 8:30pm
Wednesday: 11am - 8:30pm
Thursday: 11am - 8:30pm
Friday: 11am - 8:30pm
Saturday: 11am - 9pm
Sunday: 11am - 9pm
"
/store-directory/royce-dental/,"Monday: 9am - 9pm
Tuesday: 9am - 9pm
Wednesday: 9am - 6pm
Thursday: 9am - 9pm
Friday: 9am - 6pm
Saturday: 9am - 6pm
Sunday: Closed
"
/store-directory/Saboten-Tagosaku/,"Monday: 11am - 10pm
Tuesday: 11am - 10pm
Wednesday: 11am - 10pm
Thursday: 11am - 10pm
Friday: 11am - 10pm
Saturday: 11am - 10pm
Sunday: 11am - 10pm
"
/store-directory/safewell/,"Monday: 11am - 9pm
Tuesday: 11am - 9pm
Wednesday: 11am - 9pm
Thursday: 11am - 9pm
Friday: 11am - 9pm
Saturday: 11am - 9pm
Sunday: 11am - 9pm
"
/store-directory/samsonite/,"Monday: 11am - 9pm
Tuesday: 11am - 9pm
Wednesday: 11am - 9pm
Thursday: 11am - 9pm
Friday: 11am - 9pm
Saturday: 11am - 9pm
Sunday: 11am - 9pm
"
/store-directory/sanook-kitchen/,"Monday: 11am - 10pm
Tuesday: 11am - 10pm
Wednesday: 11am - 10pm
Thursday: 11am - 10pm
Friday: 11am - 10pm
Saturday: 11am - 10pm
Sunday: 11am - 10pm
"
/store-directory/scissors-paper-stone/,"Monday: 10:30am - 8pm
Tuesday: 10:30am - 8pm
Wednesday: 10:30am - 8pm
Thursday: 10:30am - 8pm
Friday: 10:30am - 8pm
Saturday: 10:30am - 8pm
Sunday: 10:30am - 8pm
"
/store-directory/scoop-wholefoods-australia/,"Monday: 10am - 9pm
Tuesday: 10am - 9pm
Wednesday: 10am - 9pm
Thursday: 10am - 9pm
Friday: 10am - 10pm
Saturday: 10am - 10pm
Sunday: 10am - 10pm
"
/store-directory/selffix/,"Monday: 10:30am - 9:30pm
Tuesday: 10:30am - 9:30pm
Wednesday: 10:30am - 9:30pm
Thursday: 10:30am - 9:30pm
Friday: 10:30am - 9:30pm
Saturday: 10:30am - 9:30pm
Sunday: 10:30am - 9:30pm
"
/store-directory/Shihlin-Taiwan-Street-Snacks/,"Monday: 11am - 9:30pm
Tuesday: 11am - 9:30pm
Wednesday: 11am - 9:30pm
Thursday: 11am - 9:30pm
Friday: 11am - 9:30pm
Saturday: 11am - 9:30pm
Sunday: 11am - 9:30pm
"
/store-directory/showgirl/,"Monday: 11am - 8:30pm
Tuesday: 11am - 8:30pm
Wednesday: 11am - 8:30pm
Thursday: 11am - 8:30pm
Friday: 11am - 8:30pm
Saturday: 11am - 8:30pm
Sunday: 11am - 8:30pm
"
/store-directory/simply-flowers/,"Monday: 10:30am - 8:30pm
Tuesday: 10:30am - 8:30pm
Wednesday: 10:30am - 8:30pm
Thursday: 10:30am - 8:30pm
Friday: 10:30am - 8:30pm
Saturday: 10:30am - 8:30pm
Sunday: 10:30am - 8:30pm
"
/store-directory/singapore-post/,"Monday: 10:30am - 7pm
Tuesday: 10:30am - 7pm
Wednesday: 10:30am - 7pm
Thursday: 10:30am - 7pm
Friday: 10:30am - 7pm
Saturday: 10:30am - 2pm
Sunday: Closed
"
/store-directory/singtel-shop/,"Monday: 11am - 9pm
Tuesday: 11am - 9pm
Wednesday: 11am - 9pm
Thursday: 11am - 9pm
Friday: 11am - 9pm
Saturday: 11am - 9pm
Sunday: 11am - 9pm
"
/store-directory/sino-money-changer/,"Monday: 10:30am - 8pm
Tuesday: 10:30am - 8pm
Wednesday: 10:30am - 8pm
Thursday: 10:30am - 8pm
Friday: 10:30am - 8pm
Saturday: 10:30am - 8pm
Sunday: 10:30am - 6pm
"
/store-directory/skechers/,"Monday: 11am - 9pm
Tuesday: 11am - 9pm
Wednesday: 11am - 9pm
Thursday: 11am - 9pm
Friday: 11am - 9pm
Saturday: 11am - 9pm
Sunday: 11am - 9pm
"
/store-directory/sleepnight/,"Monday: 11am - 9pm
Tuesday: 11am - 9pm
Wednesday: 11am - 9pm
Thursday: 11am - 9pm
Friday: 11am - 9pm
Saturday: 11am - 9pm
Sunday: 11am - 9pm
"
/store-directory/Smiggle/,"Monday: 11am - 9pm
Tuesday: 11am - 9pm
Wednesday: 11am - 9pm
Thursday: 11am - 9pm
Friday: 11am - 9pm
Saturday: 11am - 9pm
Sunday: 11am - 9pm
"
/store-directory/smooy/,"Monday: 11:30am - 10pm
Tuesday: 11:30am - 10pm
Wednesday: 11:30am - 10pm
Thursday: 11:30am - 10pm
Friday: 11:30am - 10pm
Saturday: 11:30am - 10pm
Sunday: 11:30am - 10pm
"
/store-directory/so-pho/,"Monday: 11am - 10pm
Tuesday: 11am - 10pm
Wednesday: 11am - 10pm
Thursday: 11am - 10pm
Friday: 11am - 10pm
Saturday: 11am - 10pm
Sunday: 11am - 10pm
"
/store-directory/Sorella/,"Monday: 11:30am - 8pm
Tuesday: 11:30am - 8pm
Wednesday: 11:30am - 8pm
Thursday: 11:30am - 8pm
Friday: 11:30am - 8:30pm
Saturday: 11:30am - 8:30pm
Sunday: 11:30am - 8:30pm
"
/store-directory/spacio-tcm-wellness/,"Monday: 11am - 9pm
Tuesday: 11am - 9pm
Wednesday: 11am - 9pm
Thursday: 11am - 9pm
Friday: 11am - 9pm
Saturday: 11am - 9pm
Sunday: 11am - 8pm
"
/store-directory/spectacle-hut/,"Monday: 10:30am - 9:30pm
Tuesday: 10:30am - 9:30pm
Wednesday: 10:30am - 9:30pm
Thursday: 10:30am - 9:30pm
Friday: 10:30am - 9:30pm
Saturday: 10:30am - 9:30pm
Sunday: 10:30am - 9:30pm
"
/store-directory/stalford-learning-centre-and-confucius-mandarin/,"Monday: 1:30pm - 9:30pm
Tuesday: 1:30pm - 9:30pm
Wednesday: 1:30pm - 9:30pm
Thursday: 1:30pm - 9:30pm
Friday: 1:30pm - 9:30pm
Saturday: 9am - 6pm
Sunday: 9am - 6pm
"
/store-directory/standard-photo/,"Monday: 9:30am - 9:30pm
Tuesday: 9:30am - 9:30pm
Wednesday: 9:30am - 9:30pm
Thursday: 9:30am - 9:30pm
Friday: 9:30am - 9:30pm
Saturday: 9:30am - 9:30pm
Sunday: 9:30am - 9:30pm
"
/store-directory/starbucks/,"Monday: 7:30am - 10pm
Tuesday: 7:30am - 10pm
Wednesday: 7:30am - 10pm
Thursday: 7:30am - 10pm
Friday: 7:30am - 10pm
Saturday: 7:30am - 10pm
Sunday: 7:30am - 10pm
"
/store-directory/strip/,"Monday: 10am - 9pm
Tuesday: 10am - 9pm
Wednesday: 10am - 9pm
Thursday: 10am - 9pm
Friday: 10am - 9pm
Saturday: 10am - 9pm
Sunday: 10am - 9pm
"
/store-directory/stylena/,"Monday: 10am - 8pm
Tuesday: 10am - 8pm
Wednesday: 10am - 8pm
Thursday: 10am - 9pm
Friday: 10am - 9pm
Saturday: 10am - 9pm
Sunday: 10am - 8pm
"
/store-directory/sun-paradise/,"Monday: 11am - 9:30pm
Tuesday: 11am - 9:30pm
Wednesday: 11am - 9:30pm
Thursday: 11am - 9:30pm
Friday: 11am - 9:30pm
Saturday: 11am - 9:30pm
Sunday: 11am - 9:30pm
"
/store-directory/surene-collection/,"Monday: 11am - 9pm
Tuesday: 11am - 9pm
Wednesday: 11am - 9pm
Thursday: 11am - 9pm
Friday: 11am - 9pm
Saturday: 11am - 9pm
Sunday: 11am - 9pm
"
/store-directory/sushi-express/,"Monday: 11am - 10:30pm
Tuesday: 11am - 10:30pm
Wednesday: 11am - 10:30pm
Thursday: 11am - 10:30pm
Friday: 11am - 10:30pm
Saturday: 11am - 10:30pm
Sunday: 11am - 10:30pm
"
/store-directory/svenson/,"Monday: 10:30am - 9pm
Tuesday: 10:30am - 9pm
Wednesday: 10:30am - 9pm
Thursday: 10:30am - 9pm
Friday: 10:30am - 9pm
Saturday: 10:30am - 6pm
Sunday: 10:30am - 6pm
"
/store-directory/swarovski/,"Monday: 11am - 9pm
Tuesday: 11am - 9pm
Wednesday: 11am - 9pm
Thursday: 11am - 9pm
Friday: 11am - 9pm
Saturday: 11am - 9pm
Sunday: 11am - 9pm
"
/store-directory/swensens/,"Monday: 11am - 10:30pm
Tuesday: 11am - 10:30pm
Wednesday: 11am - 10:30pm
Thursday: 11am - 10:30pm
Friday: 11am - 10:30pm
Saturday: 11am - 10:30pm
Sunday: 11am - 10:30pm
"
/store-directory/syoujin/,"Monday: 10am - 9pm
Tuesday: 10am - 9pm
Wednesday: 10am - 9pm
Thursday: 10am - 9pm
Friday: 10am - 9pm
Saturday: 10am - 9pm
Sunday: 10am - 9pm
"
/store-directory/taka-jewellery/,"Monday: 11am - 9:30pm
Tuesday: 11am - 9:30pm
Wednesday: 11am - 9:30pm
Thursday: 11am - 9:30pm
Friday: 11am - 9:30pm
Saturday: 11am - 9:30pm
Sunday: 11am - 9:30pm
"
/store-directory/tanyu/,"Monday: 11:30am - 10pm
Tuesday: 11:30am - 10pm
Wednesday: 11:30am - 10pm
Thursday: 11:30am - 10pm
Friday: 11:30am - 10pm
Saturday: 11:30am - 10pm
Sunday: 11:30am - 10pm
"
/store-directory/team-salon/,"Monday: 10:30am - 8:30pm
Tuesday: 10:30am - 8:30pm
Wednesday: 10:30am - 8:30pm
Thursday: 10:30am - 8:30pm
Friday: 10:30am - 8:30pm
Saturday: 10am - 7:30pm
Sunday: 10am - 7pm
"
/store-directory/tech-house/,"Monday: 11am - 9pm
Tuesday: 11am - 9pm
Wednesday: 11am - 9pm
Thursday: 11am - 9pm
Friday: 10:30am - 9pm
Saturday: 10:30am - 9pm
Sunday: 10:30am - 9pm
"
/store-directory/Tenya/,"Monday: 11am - 9pm
Tuesday: 11am - 9pm
Wednesday: 11am - 9pm
Thursday: 11am - 9pm
Friday: 11am - 9pm
Saturday: 11am - 9:30pm
Sunday: 11am - 9:30pm
"
/store-directory/the-body-shop/,"Monday: 11am - 9:30pm
Tuesday: 11am - 9:30pm
Wednesday: 11am - 9:30pm
Thursday: 11am - 9:30pm
Friday: 11am - 9:30pm
Saturday: 11am - 9:30pm
Sunday: 11am - 9:30pm
"
/store-directory/the-chinese-wedding-shop/,"Monday: 11:30am - 9pm
Tuesday: 11:30am - 9pm
Wednesday: 11:30am - 9pm
Thursday: 11:30am - 9pm
Friday: 11:30am - 9pm
Saturday: 11:30am - 9pm
Sunday: 11:30am - 9pm
"
/store-directory/the-coffee-bean-and-tea-leaf/,"Monday: 8am - 10pm
Tuesday: 8am - 10pm
Wednesday: 8am - 10pm
Thursday: 8am - 10pm
Friday: 8am - 10pm
Saturday: 8am - 10pm
Sunday: 8am - 10pm
"
/store-directory/the-face-shop/,"Monday: 10am - 10pm
Tuesday: 10am - 10pm
Wednesday: 10am - 10pm
Thursday: 10am - 10pm
Friday: 10am - 10pm
Saturday: 10am - 10pm
Sunday: 10am - 10pm
"
/store-directory/the-green-party/,"Monday: 10:30am - 10pm
Tuesday: 10:30am - 10pm
Wednesday: 10:30am - 10pm
Thursday: 10:30am - 10pm
Friday: 10:30am - 10pm
Saturday: 10:30am - 10pm
Sunday: 10:30am - 10pm
"
/store-directory/the-sense-house/,"Monday: 11am - 9:30pm
Tuesday: 11am - 9:30pm
Wednesday: 11am - 9:30pm
Thursday: 11am - 9:30pm
Friday: 11am - 9:30pm
Saturday: 11am - 9:30pm
Sunday: 11am - 9:30pm
"
/store-directory/the-underground/,"Monday: 10:30am - 8:30pm
Tuesday: 10:30am - 8:30pm
Wednesday: 10:30am - 8:30pm
Thursday: 10:30am - 8:30pm
Friday: 10:30am - 8:30pm
Saturday: 10:30am - 8:30pm
Sunday: 10:30am - 8:30pm
"
/store-directory/the-wallet-shop/,"Monday: 11am - 9:30pm
Tuesday: 11am - 9:30pm
Wednesday: 11am - 9:30pm
Thursday: 11am - 9:30pm
Friday: 11am - 9:30pm
Saturday: 11am - 9:30pm
Sunday: 11am - 9:30pm
"
/store-directory/the-whisky-distillery/,"Monday: 11am - 10pm
Tuesday: 11am - 10pm
Wednesday: 11am - 10pm
Thursday: 11am - 10pm
Friday: 11am - 10pm
Saturday: 11am - 10pm
Sunday: 11am - 10pm
"
/store-directory/tim-hortons/,"Monday: 8am - 10pm
Tuesday: 8am - 10pm
Wednesday: 8am - 10pm
Thursday: 8am - 10pm
Friday: 8am - 10pm
Saturday: 8am - 10pm
Sunday: 8am - 10pm
"
/store-directory/times-of-feng-shui/,"Monday: 11am - 8pm
Tuesday: 11am - 8pm
Wednesday: 11am - 8pm
Thursday: 11am - 8pm
Friday: 11am - 8pm
Saturday: 11am - 8pm
Sunday: 11am - 8pm
"
/store-directory/timezone/,"Monday: 11am - 10pm
Tuesday: 11am - 10pm
Wednesday: 11am - 10pm
Thursday: 11am - 10pm
Friday: 11am - 10pm
Saturday: 10am - 10pm
Sunday: 10am - 10pm
"
/store-directory/tori-q/,"Monday: 10:30am - 9pm
Tuesday: 10:30am - 9pm
Wednesday: 10:30am - 9pm
Thursday: 10:30am - 9pm
Friday: 10:30am - 9:30pm
Saturday: 10:30am - 9:30pm
Sunday: 10:30am - 9pm
"
/store-directory/toys-r-us/,"Monday: 10am - 10pm
Tuesday: 10am - 10pm
Wednesday: 10am - 10pm
Thursday: 10am - 10pm
Friday: 10am - 10pm
Saturday: 10am - 10pm
Sunday: 10am - 10pm
"
/store-directory/triumph/,"Monday: 11am - 9:30pm
Tuesday: 11am - 9:30pm
Wednesday: 11am - 9:30pm
Thursday: 11am - 9:30pm
Friday: 11am - 9:30pm
Saturday: 11am - 9:30pm
Sunday: 11am - 9:30pm
"
/store-directory/twelve-cupcakes/,"Monday: 9:45am - 9:45pm
Tuesday: 9:45am - 9:45pm
Wednesday: 9:45am - 9:45pm
Thursday: 9:45am - 9:45pm
Friday: 9:45am - 9:45pm
Saturday: 9:45am - 9:45pm
Sunday: 9:45am - 9:45pm
"
/store-directory/under-armour/,"Monday: 11am - 9:30pm
Tuesday: 11am - 9:30pm
Wednesday: 11am - 9:30pm
Thursday: 11am - 9:30pm
Friday: 11am - 9:30pm
Saturday: 11am - 9:30pm
Sunday: 11am - 9:30pm
"
/store-directory/uniqlo/,"Monday: 11am - 10pm
Tuesday: 11am - 10pm
Wednesday: 11am - 10pm
Thursday: 11am - 10pm
Friday: 11am - 10pm
Saturday: 10am - 10pm
Sunday: 10am - 10pm
"
/store-directory/uob/,"Monday: 10:30am - 6pm
Tuesday: 10:30am - 6pm
Wednesday: 10:30am - 6pm
Thursday: 10:30am - 6pm
Friday: 10:30am - 6pm
Saturday: 10:30am - 4:30pm
Sunday: Closed
"
/store-directory/uob-privilege-banking-centre/,"Monday: 9:30am - 5pm
Tuesday: 9:30am - 5pm
Wednesday: 9:30am - 5pm
Thursday: 9:30am - 5pm
Friday: 9:30am - 5pm
Saturday: 9:30am - 12:30pm
Sunday: Closed
"
/store-directory/utopia/,"Monday: 11am - 8pm
Tuesday: 11am - 8pm
Wednesday: 11am - 8pm
Thursday: 11am - 8pm
Friday: 11am - 9pm
Saturday: 11am - 9pm
Sunday: 11am - 8pm
"
/store-directory/valaiss/,"Monday: 11am - 8pm
Tuesday: 11am - 8pm
Wednesday: 11am - 8pm
Thursday: 11am - 8pm
Friday: 11am - 8pm
Saturday: 11am - 8pm
Sunday: 11am - 8pm
"
/store-directory/venchi/,"Monday: 11am - 10pm
Tuesday: 11am - 10pm
Wednesday: 11am - 10pm
Thursday: 11am - 10pm
Friday: 11am - 10pm
Saturday: 11am - 10pm
Sunday: 11am - 10pm
"
/store-directory/venus-beauty/,"Monday: 10am - 10pm
Tuesday: 10am - 10pm
Wednesday: 10am - 10pm
Thursday: 10am - 10pm
Friday: 10am - 10pm
Saturday: 10am - 10pm
Sunday: 10am - 10pm
"
/store-directory/vitakids/,"Monday: 10:30am - 9pm
Tuesday: 10:30am - 9pm
Wednesday: 10:30am - 9pm
Thursday: 10:30am - 9pm
Friday: 10:30am - 9pm
Saturday: 10:30am - 9pm
Sunday: 10:30am - 9pm
"
/store-directory/Wacoal/,"Monday: 11am - 9pm
Tuesday: 11am - 9pm
Wednesday: 11am - 9pm
Thursday: 11am - 9pm
Friday: 11am - 9pm
Saturday: 11am - 9pm
Sunday: 11am - 9pm
"
/store-directory/wan-yang-health-products-and-foot-reflexology/,"Monday: 10am - 10pm
Tuesday: 10am - 10pm
Wednesday: 10am - 10pm
Thursday: 10am - 10pm
Friday: 10am - 10pm
Saturday: 10am - 10pm
Sunday: 10am - 10pm
"
/store-directory/watsons/,"Monday: 9:30am - 10pm
Tuesday: 9:30am - 10pm
Wednesday: 9:30am - 10pm
Thursday: 9:30am - 10pm
Friday: 9:30am - 10pm
Saturday: 9:30am - 10pm
Sunday: 9:30am - 10pm
"
/store-directory/whittard-of-chelsea/,"Monday: 10:30am - 9:30pm
Tuesday: 10:30am - 9:30pm
Wednesday: 10:30am - 9:30pm
Thursday: 10:30am - 9:30pm
Friday: 10:30am - 9:30pm
Saturday: 10:30am - 9:30pm
Sunday: 10:30am - 9:30pm
"
/store-directory/winter-time/,"Monday: 11am - 9:30pm
Tuesday: 11am - 9:30pm
Wednesday: 11am - 9:30pm
Thursday: 11am - 9:30pm
Friday: 11am - 9:30pm
Saturday: 11am - 9:30pm
Sunday: 11am - 9:30pm
"
/store-directory/WJL/,"Monday: 10am - 10pm
Tuesday: 10am - 10pm
Wednesday: 10am - 10pm
Thursday: 10am - 10pm
Friday: 10am - 10pm
Saturday: 10am - 10pm
Sunday: 10am - 10pm
"
/store-directory/wok-hey/,"Monday: 10:30am - 10pm
Tuesday: 10:30am - 10pm
Wednesday: 10:30am - 10pm
Thursday: 10:30am - 10pm
Friday: 10:30am - 10pm
Saturday: 10:30am - 10pm
Sunday: 10:30am - 10pm
"
/store-directory/wow-lets-party/,"Monday: 11am - 8pm
Tuesday: 11am - 8pm
Wednesday: 11am - 8pm
Thursday: 11am - 8pm
Friday: 11am - 8pm
Saturday: 11am - 8pm
Sunday: 11am - 8pm
"
/store-directory/XiaoMi-Store/,"Monday: 11am - 9pm
Tuesday: 11am - 9pm
Wednesday: 11am - 9pm
Thursday: 11am - 9pm
Friday: 11am - 9pm
Saturday: 11am - 9pm
Sunday: 11am - 9pm
"
/store-directory/ya-kun-cafe/,"Monday: 7am - 8pm
Tuesday: 7am - 8pm
Wednesday: 7am - 8pm
Thursday: 7am - 8pm
Friday: 7am - 10pm
Saturday: 7am - 10pm
Sunday: 7am - 8pm
"
/store-directory/yakadir/,"Monday: 10am - 7:30pm
Tuesday: 10am - 7:30pm
Wednesday: 10am - 7:30pm
Thursday: 10am - 7:30pm
Friday: 10am - 7:30pm
Saturday: 10am - 7:30pm
Sunday: 10am - 7:30pm
"
/store-directory/yakiniku-go/,"Monday: 11:30am - 10pm
Tuesday: 11:30am - 10pm
Wednesday: 11:30am - 10pm
Thursday: 11:30am - 10pm
Friday: 11:30am - 10pm
Saturday: 11am - 10pm
Sunday: 11am - 10pm
"
/store-directory/yale-smart-shop/,"Monday: 11:30am - 9pm
Tuesday: 11:30am - 9pm
Wednesday: 11:30am - 9pm
Thursday: 11:30am - 9pm
Friday: 11:30am - 9pm
Saturday: 11:30am - 9pm
Sunday: 11:30am - 9pm
"
/store-directory/yong-how-time/,"Monday: 11am - 9pm
Tuesday: 11am - 9pm
Wednesday: 11am - 9pm
Thursday: 11am - 9pm
Friday: 11am - 9pm
Saturday: 11am - 9pm
Sunday: 11am - 9pm
"
/store-directory/yuen-loong-watch-store/,"Monday: 10:30am - 9pm
Tuesday: 10:30am - 9pm
Wednesday: 10:30am - 9pm
Thursday: 10:30am - 9pm
Friday: 10:30am - 9pm
Saturday: 10:30am - 9pm
Sunday: 10:30am - 9pm
"
/store-directory/zest-clinic/,"Monday: 10am - 1pm
2pm - 8pm
Tuesday: 10am - 1pm
2pm - 8pm
Wednesday: 10am - 1pm
2pm - 8pm
Thursday: 10am - 1pm
2pm - 8pm
Friday: 10am - 1pm
2pm - 8pm
Saturday: 10am - 1pm
2pm - 8pm
Sunday: Closed
"
/store-directory/Zhang-Liang-Mala-Tang/,"Monday: 11am - 10pm
Tuesday: 11am - 10pm
Wednesday: 11am - 10pm
Thursday: 11am - 10pm
Friday: 11am - 10pm
Saturday: 11am - 10pm
Sunday: 11am - 10pm
"
/store-directory/ztp/,"Monday: 10:30am - 9:30pm
Tuesday: 10:30am - 9:30pm
Wednesday: 10:30am - 9:30pm
Thursday: 10:30am - 9:30pm
Friday: 10:30am - 9:30pm
Saturday: 10:30am - 9:30pm
Sunday: 10:30am - 9:30pm
"
